<?xml version="1.0" encoding="UTF-8"?><?xml-stylesheet type='text/xsl' href='_UpgradeReport_Files/UpgradeReport.xslt'?><UpgradeLog>
<Properties><Property Name="Solution" Value="Project">
</Property><Property Name="Solution File" Value="D:\users\wingo\teaching\AssemblyLanguage\00today_examples\sample_01\Project.sln">
</Property><Property Name="User Options File" Value="D:\users\wingo\teaching\AssemblyLanguage\00today_examples\sample_01\Project.suo">
</Property><Property Name="Date" Value="Tuesday, February 24, 2015">
</Property><Property Name="Time" Value="19:49 PM">
</Property><Property Name="Log Number" Value="2">
</Property></Properties><Event ErrorLevel="2" Project="" Source="Project.sln" Description="Error creating backup file: D:\users\wingo\teaching\AssemblyLanguage\00today_examples\sample_01\Project.sln.old">
</Event><Event ErrorLevel="2" Project="" Source="Project.suo" Description="Error creating backup file: D:\users\wingo\teaching\AssemblyLanguage\00today_examples\sample_01\Project.suo.old">
</Event><Event ErrorLevel="0" Project="Project" Source="Project.vcproj" Description="Converting project file 'D:\users\wingo\teaching\AssemblyLanguage\00today_examples\sample_01\Project.vcproj'.">
</Event><Event ErrorLevel="1" Project="Project" Source="Project.vcproj" Description="VCWebServiceProxyGeneratorTool is no longer supported. The tool has been removed from your project settings.">
</Event><Event ErrorLevel="0" Project="Project" Source="Project.vcproj" Description="Done converting to new project file 'D:\users\wingo\teaching\AssemblyLanguage\00today_examples\sample_01\Project.vcxproj'.">
</Event><Event ErrorLevel="3" Project="Project" Source="Project.vcproj" Description="Converted">
</Event><Event ErrorLevel="0" Project="" Source="Project.sln" Description="Solution converted successfully">
</Event><Event ErrorLevel="3" Project="" Source="Project.sln" Description="Converted">
</Event></UpgradeLog>